{
  "ic_2602": {
    "n_test": 311,
    "n_pos": 5,
    "headline": false,
    "all_positive_f1": 0.03164556962025316,
    "logistic": {
      "f1": 0.125,
      "precision": 0.06666666666666667,
      "recall": 1.0,
      "specificity": 0.7712418300653595,
      "delta_f1": 0.09335443037974683
    },
    "hgb": {
      "f1": 0.38095238095238093,
      "precision": 0.25,
      "recall": 0.8,
      "specificity": 0.9607843137254902,
      "delta_f1": 0.34930681133212776
    }
  },
  "melotte_22": {
    "n_test": 163,
    "n_pos": 89,
    "headline": true,
    "all_positive_f1": 0.7063492063492063,
    "logistic": {
      "f1": 0.6882591093117408,
      "precision": 0.5379746835443038,
      "recall": 0.9550561797752809,
      "specificity": 0.013513513513513514,
      "delta_f1": -0.018090097037465447
    },
    "hgb": {
      "f1": 0.16,
      "precision": 0.7272727272727273,
      "recall": 0.0898876404494382,
      "specificity": 0.9594594594594594,
      "delta_f1": -0.5463492063492063
    }
  },
  "melotte_25": {
    "n_test": 375,
    "n_pos": 114,
    "headline": false,
    "all_positive_f1": 0.4662576687116564,
    "logistic": {
      "f1": 0.3862068965517242,
      "precision": 0.3181818181818182,
      "recall": 0.49122807017543857,
      "specificity": 0.5402298850574713,
      "delta_f1": -0.08005077215993223
    },
    "hgb": {
      "f1": 0.0923076923076923,
      "precision": 0.375,
      "recall": 0.05263157894736842,
      "specificity": 0.9616858237547893,
      "delta_f1": -0.3739499764039641
    }
  },
  "ngc_1039": {
    "n_test": 108,
    "n_pos": 61,
    "headline": true,
    "all_positive_f1": 0.7218934911242603,
    "logistic": {
      "f1": 0.4666666666666667,
      "precision": 0.7241379310344828,
      "recall": 0.3442622950819672,
      "specificity": 0.8297872340425532,
      "delta_f1": -0.2552268244575936
    },
    "hgb": {
      "f1": 0.273972602739726,
      "precision": 0.8333333333333334,
      "recall": 0.16393442622950818,
      "specificity": 0.9574468085106383,
      "delta_f1": -0.44792088838453425
    }
  },
  "ngc_2168": {
    "n_test": 1247,
    "n_pos": 43,
    "headline": false,
    "all_positive_f1": 0.06666666666666667,
    "logistic": {
      "f1": 0.10012210012210013,
      "precision": 0.05283505154639175,
      "recall": 0.9534883720930233,
      "specificity": 0.38953488372093026,
      "delta_f1": 0.03345543345543346
    },
    "hgb": {
      "f1": 0.17886178861788618,
      "precision": 0.10122699386503067,
      "recall": 0.7674418604651163,
      "specificity": 0.7566445182724253,
      "delta_f1": 0.11219512195121951
    }
  },
  "ngc_2632": {
    "n_test": 161,
    "n_pos": 94,
    "headline": true,
    "all_positive_f1": 0.7372549019607844,
    "logistic": {
      "f1": 0.6326530612244897,
      "precision": 0.6078431372549019,
      "recall": 0.6595744680851063,
      "specificity": 0.40298507462686567,
      "delta_f1": -0.10460184073629464
    },
    "hgb": {
      "f1": 0.39024390243902435,
      "precision": 0.8275862068965517,
      "recall": 0.2553191489361702,
      "specificity": 0.9253731343283582,
      "delta_f1": -0.34701099952176
    }
  }
}