{
  "ic_2602": {
    "f1": 0.0,
    "precision": 0.0,
    "recall": 0.0,
    "n_test": 311
  },
  "melotte_22": {
    "f1": 0.0,
    "precision": 0.0,
    "recall": 0.0,
    "n_test": 952
  },
  "melotte_25": {
    "f1": 0.0,
    "precision": 0.0,
    "recall": 0.0,
    "n_test": 515
  },
  "ngc_1039": {
    "f1": 0.19708029197080293,
    "precision": 0.84375,
    "recall": 0.1115702479338843,
    "n_test": 263
  },
  "ngc_2168": {
    "f1": 0.0,
    "precision": 0.0,
    "recall": 0.0,
    "n_test": 1247
  },
  "ngc_2632": {
    "f1": 0.0,
    "precision": 0.0,
    "recall": 0.0,
    "n_test": 685
  }
}