{
  "ic_2602": {
    "clusterName": "IC 2602",
    "truthSet": "RUWE high",
    "f1": 0.5714285714285715,
    "precision": 1.0,
    "recall": 0.4,
    "specificity": 1.0,
    "f1_at_0.5": 0.5714285714285715,
    "f1_val_tuned": 0.25641025641025644,
    "val_tuned_threshold": 0.15000000000000002,
    "f1_val_delta_tuned": 0.25641025641025644,
    "val_delta_tuned_threshold": 0.15000000000000002,
    "delta_f1_val_delta_tuned": 0.22476468679000328,
    "f1_test_best_diagnostic": 1.0,
    "f1_all_positive_baseline": 0.03164556962025316,
    "delta_f1_vs_baseline": 0.5397830018083184,
    "beats_all_pos_baseline": true,
    "eval_tier": "ruwe_weak",
    "headline": false,
    "eval_universe": "RUWE weak (non-headline)",
    "n_test": 311,
    "n_pos": 5
  },
  "melotte_22": {
    "clusterName": "Pleiades",
    "truthSet": "Malofeeva TID paper q isolines",
    "f1": 0.4403669724770642,
    "precision": 0.3116883116883117,
    "recall": 0.75,
    "specificity": 0.5954198473282443,
    "f1_at_0.5": 0.4403669724770642,
    "f1_val_tuned": 0.37662337662337664,
    "val_tuned_threshold": 0.15000000000000002,
    "f1_val_delta_tuned": 0.37662337662337664,
    "val_delta_tuned_threshold": 0.15000000000000002,
    "delta_f1_val_delta_tuned": 0.04841824841824843,
    "f1_test_best_diagnostic": 0.5757575757575757,
    "f1_all_positive_baseline": 0.3282051282051282,
    "delta_f1_vs_baseline": 0.11216184427193598,
    "beats_all_pos_baseline": true,
    "eval_tier": "malofeeva_tid",
    "headline": true,
    "eval_universe": "Malofeeva TID paper q isolines (in-sample, mass cut)",
    "n_test": 163,
    "n_pos": 32
  },
  "melotte_25": {
    "clusterName": "Hyades",
    "truthSet": "Brandner non-single",
    "f1": 0.31199999999999994,
    "precision": 0.2867647058823529,
    "recall": 0.34210526315789475,
    "specificity": 0.6283524904214559,
    "f1_at_0.5": 0.31199999999999994,
    "f1_val_tuned": 0.3070866141732283,
    "val_tuned_threshold": 0.4,
    "f1_val_delta_tuned": 0.3070866141732283,
    "val_delta_tuned_threshold": 0.4,
    "delta_f1_val_delta_tuned": -0.15917105453842811,
    "f1_test_best_diagnostic": 0.4088050314465409,
    "f1_all_positive_baseline": 0.4662576687116564,
    "delta_f1_vs_baseline": -0.15425766871165647,
    "beats_all_pos_baseline": false,
    "eval_tier": "hyades_provisional",
    "headline": false,
    "eval_universe": "Brandner domain G\u226415",
    "n_test": 375,
    "n_pos": 114
  },
  "ngc_1039": {
    "clusterName": "M34 (NGC 1039)",
    "truthSet": "Malofeeva TID paper q isolines",
    "f1": 0.3125,
    "precision": 0.7142857142857143,
    "recall": 0.2,
    "specificity": 0.9310344827586207,
    "f1_at_0.5": 0.3125,
    "f1_val_tuned": 0.3125,
    "val_tuned_threshold": 0.75,
    "f1_val_delta_tuned": 0.3125,
    "val_delta_tuned_threshold": 0.75,
    "delta_f1_val_delta_tuned": -0.3204113924050632,
    "f1_test_best_diagnostic": 0.45945945945945954,
    "f1_all_positive_baseline": 0.6329113924050632,
    "delta_f1_vs_baseline": -0.3204113924050632,
    "beats_all_pos_baseline": false,
    "eval_tier": "malofeeva_tid",
    "headline": true,
    "eval_universe": "Malofeeva TID paper q isolines (in-sample, mass cut)",
    "n_test": 108,
    "n_pos": 50
  },
  "ngc_2168": {
    "clusterName": "M35",
    "truthSet": "RUWE high",
    "f1": 0.06666666666666667,
    "precision": 0.034482758620689655,
    "recall": 1.0,
    "specificity": 0.0,
    "f1_at_0.5": 0.06666666666666667,
    "f1_val_tuned": 0.06666666666666667,
    "val_tuned_threshold": 0.05,
    "f1_val_delta_tuned": 0.06666666666666667,
    "val_delta_tuned_threshold": 0.05,
    "delta_f1_val_delta_tuned": 0.0,
    "f1_test_best_diagnostic": 0.06666666666666667,
    "f1_all_positive_baseline": 0.06666666666666667,
    "delta_f1_vs_baseline": 0.0,
    "beats_all_pos_baseline": false,
    "eval_tier": "ruwe_weak",
    "headline": false,
    "eval_universe": "RUWE weak (non-headline)",
    "n_test": 1247,
    "n_pos": 43
  },
  "ngc_2632": {
    "clusterName": "Praesepe",
    "truthSet": "Malofeeva TID paper q isolines",
    "f1": 0.6343612334801763,
    "precision": 0.4675324675324675,
    "recall": 0.9863013698630136,
    "specificity": 0.06818181818181818,
    "f1_at_0.5": 0.6343612334801763,
    "f1_val_tuned": 0.6239316239316239,
    "val_tuned_threshold": 0.4,
    "f1_val_delta_tuned": 0.6239316239316239,
    "val_delta_tuned_threshold": 0.4,
    "delta_f1_val_delta_tuned": 0.0,
    "f1_test_best_diagnostic": 0.7351351351351352,
    "f1_all_positive_baseline": 0.6239316239316239,
    "delta_f1_vs_baseline": 0.010429609548552321,
    "beats_all_pos_baseline": true,
    "eval_tier": "malofeeva_tid",
    "headline": true,
    "eval_universe": "Malofeeva TID paper q isolines (in-sample, mass cut)",
    "n_test": 161,
    "n_pos": 73
  }
}