{
  "no_isotonic": {
    "apply_isotonic": false,
    "headline_mean_delta_f1": -0.06593997952819164,
    "folds": {
      "melotte_22": {
        "f1": 0.4403669724770642,
        "delta_f1": 0.11216184427193598
      },
      "ngc_1039": {
        "f1": 0.3125,
        "delta_f1": -0.3204113924050632
      },
      "ngc_2632": {
        "f1": 0.6343612334801763,
        "delta_f1": 0.010429609548552321
      }
    }
  },
  "isotonic": {
    "apply_isotonic": true,
    "headline_mean_delta_f1": -0.37755573072028764,
    "folds": {
      "melotte_22": {
        "f1": 0.16666666666666666,
        "delta_f1": -0.16153846153846155
      },
      "ngc_1039": {
        "f1": 0.28571428571428575,
        "delta_f1": -0.34719710669077747
      },
      "ngc_2632": {
        "f1": 0.0,
        "delta_f1": -0.6239316239316239
      }
    }
  }
}