{
  "primary_t05": {
    "folds": {
      "melotte_22": {
        "threshold": 0.5,
        "f1": 0.4403669724770642,
        "delta_f1": 0.11216184427193598,
        "recall": 0.75,
        "precision": 0.3116883116883117
      },
      "ngc_1039": {
        "threshold": 0.5,
        "f1": 0.3125,
        "delta_f1": -0.3204113924050632,
        "recall": 0.2,
        "precision": 0.7142857142857143
      },
      "ngc_2632": {
        "threshold": 0.5,
        "f1": 0.6343612334801763,
        "delta_f1": 0.010429609548552321,
        "recall": 0.9863013698630136,
        "precision": 0.4675324675324675
      }
    },
    "headline_mean_delta_f1": -0.06593997952819164
  },
  "val_f1_tuned": {
    "folds": {
      "melotte_22": {
        "threshold": 0.15000000000000002,
        "f1": 0.37662337662337664,
        "delta_f1": 0.04841824841824843,
        "recall": 0.90625,
        "precision": 0.23770491803278687
      },
      "ngc_1039": {
        "threshold": 0.75,
        "f1": 0.3125,
        "delta_f1": -0.3204113924050632,
        "recall": 0.2,
        "precision": 0.7142857142857143
      },
      "ngc_2632": {
        "threshold": 0.4,
        "f1": 0.6239316239316239,
        "delta_f1": 0.0,
        "recall": 1.0,
        "precision": 0.453416149068323
      }
    },
    "headline_mean_delta_f1": -0.09066438132893827
  },
  "val_delta_tuned": {
    "folds": {
      "melotte_22": {
        "threshold": 0.15000000000000002,
        "f1": 0.37662337662337664,
        "delta_f1": 0.04841824841824843,
        "recall": 0.90625,
        "precision": 0.23770491803278687
      },
      "ngc_1039": {
        "threshold": 0.75,
        "f1": 0.3125,
        "delta_f1": -0.3204113924050632,
        "recall": 0.2,
        "precision": 0.7142857142857143
      },
      "ngc_2632": {
        "threshold": 0.4,
        "f1": 0.6239316239316239,
        "delta_f1": 0.0,
        "recall": 1.0,
        "precision": 0.453416149068323
      }
    },
    "headline_mean_delta_f1": -0.09066438132893827
  }
}