{
  "ic_2602": {
    "clusterName": "IC 2602",
    "truthSet": "RUWE high",
    "f1": 0.0,
    "precision": 0.0,
    "recall": 0.0,
    "specificity": 1.0,
    "f1_at_0.5": 0.0,
    "f1_val_tuned": 0.5714285714285715,
    "val_tuned_threshold": 0.30000000000000004,
    "f1_test_best_diagnostic": 0.5714285714285715,
    "f1_all_positive_baseline": 0.03164556962025316,
    "delta_f1_vs_baseline": -0.03164556962025316,
    "beats_all_pos_baseline": false,
    "eval_tier": "ruwe_weak",
    "headline": false,
    "eval_universe": "RUWE weak (non-headline)",
    "n_test": 311,
    "n_pos": 5
  },
  "melotte_22": {
    "clusterName": "Pleiades",
    "truthSet": "Malofeeva TID paper q isolines",
    "f1": 0.06060606060606061,
    "precision": 1.0,
    "recall": 0.03125,
    "specificity": 1.0,
    "f1_at_0.5": 0.06060606060606061,
    "f1_val_tuned": 0.35294117647058826,
    "val_tuned_threshold": 0.05,
    "f1_test_best_diagnostic": 0.35294117647058826,
    "f1_all_positive_baseline": 0.3282051282051282,
    "delta_f1_vs_baseline": -0.2675990675990676,
    "beats_all_pos_baseline": false,
    "eval_tier": "malofeeva_tid",
    "headline": true,
    "eval_universe": "Malofeeva TID paper q isolines (in-sample, mass cut)",
    "n_test": 163,
    "n_pos": 32
  },
  "melotte_25": {
    "clusterName": "Hyades",
    "truthSet": "Brandner non-single",
    "f1": 0.2488479262672811,
    "precision": 0.2621359223300971,
    "recall": 0.23684210526315788,
    "specificity": 0.7088122605363985,
    "f1_at_0.5": 0.2488479262672811,
    "f1_val_tuned": 0.2931034482758621,
    "val_tuned_threshold": 0.15000000000000002,
    "f1_test_best_diagnostic": 0.4054054054054054,
    "f1_all_positive_baseline": 0.4662576687116564,
    "delta_f1_vs_baseline": -0.2174097424443753,
    "beats_all_pos_baseline": false,
    "eval_tier": "hyades_provisional",
    "headline": false,
    "eval_universe": "Brandner domain G\u226415",
    "n_test": 375,
    "n_pos": 114
  },
  "ngc_1039": {
    "clusterName": "M34 (NGC 1039)",
    "truthSet": "Malofeeva TID paper q isolines",
    "f1": 0.3125,
    "precision": 0.7142857142857143,
    "recall": 0.2,
    "specificity": 0.9310344827586207,
    "f1_at_0.5": 0.3125,
    "f1_val_tuned": 0.3125,
    "val_tuned_threshold": 0.30000000000000004,
    "f1_test_best_diagnostic": 0.6274509803921569,
    "f1_all_positive_baseline": 0.6329113924050632,
    "delta_f1_vs_baseline": -0.3204113924050632,
    "beats_all_pos_baseline": false,
    "eval_tier": "malofeeva_tid",
    "headline": true,
    "eval_universe": "Malofeeva TID paper q isolines (in-sample, mass cut)",
    "n_test": 108,
    "n_pos": 50
  },
  "ngc_2168": {
    "clusterName": "M35",
    "truthSet": "RUWE high",
    "f1": 0.0,
    "precision": 0.0,
    "recall": 0.0,
    "specificity": 1.0,
    "f1_at_0.5": 0.0,
    "f1_val_tuned": 0.0,
    "val_tuned_threshold": 0.15000000000000002,
    "f1_test_best_diagnostic": 0.0,
    "f1_all_positive_baseline": 0.06666666666666667,
    "delta_f1_vs_baseline": -0.06666666666666667,
    "beats_all_pos_baseline": false,
    "eval_tier": "ruwe_weak",
    "headline": false,
    "eval_universe": "RUWE weak (non-headline)",
    "n_test": 1247,
    "n_pos": 43
  },
  "ngc_2632": {
    "clusterName": "Praesepe",
    "truthSet": "Malofeeva TID paper q isolines",
    "f1": 0.2588235294117647,
    "precision": 0.6875,
    "recall": 0.15942028985507245,
    "specificity": 0.9456521739130435,
    "f1_at_0.5": 0.2588235294117647,
    "f1_val_tuned": 0.53125,
    "val_tuned_threshold": 0.2,
    "f1_test_best_diagnostic": 0.5380116959064327,
    "f1_all_positive_baseline": 0.6,
    "delta_f1_vs_baseline": -0.3411764705882353,
    "beats_all_pos_baseline": false,
    "eval_tier": "malofeeva_tid",
    "headline": true,
    "eval_universe": "Malofeeva TID paper q isolines (in-sample, mass cut)",
    "n_test": 161,
    "n_pos": 69
  }
}