{
  "ic_2602": {
    "clusterName": "IC 2602",
    "truthSet": "RUWE high",
    "f1": 0.0,
    "precision": 0.0,
    "recall": 0.0,
    "specificity": 1.0,
    "f1_at_0.5": 0.0,
    "f1_val_tuned": 0.0,
    "val_tuned_threshold": 0.15000000000000002,
    "f1_test_best_diagnostic": 0.0,
    "f1_all_positive_baseline": 0.03164556962025316,
    "delta_f1_vs_baseline": -0.03164556962025316,
    "beats_all_pos_baseline": false,
    "eval_tier": "ruwe_weak",
    "headline": false,
    "eval_universe": "RUWE weak (non-headline)",
    "n_test": 311,
    "n_pos": 5
  },
  "melotte_22": {
    "clusterName": "Pleiades",
    "truthSet": "Malofeeva TID paper q isolines",
    "f1": 0.35000000000000003,
    "precision": 0.23863636363636365,
    "recall": 0.65625,
    "specificity": 0.48854961832061067,
    "f1_at_0.5": 0.35000000000000003,
    "f1_val_tuned": 0.3282051282051282,
    "val_tuned_threshold": 0.15000000000000002,
    "f1_test_best_diagnostic": 0.45454545454545453,
    "f1_all_positive_baseline": 0.3282051282051282,
    "delta_f1_vs_baseline": 0.02179487179487183,
    "beats_all_pos_baseline": true,
    "eval_tier": "malofeeva_tid",
    "headline": true,
    "eval_universe": "Malofeeva TID paper q isolines (in-sample, mass cut)",
    "n_test": 163,
    "n_pos": 32
  },
  "melotte_25": {
    "clusterName": "Hyades",
    "truthSet": "Brandner non-single",
    "f1": 0.24390243902439024,
    "precision": 0.27472527472527475,
    "recall": 0.21929824561403508,
    "specificity": 0.7471264367816092,
    "f1_at_0.5": 0.24390243902439024,
    "f1_val_tuned": 0.24271844660194172,
    "val_tuned_threshold": 0.15000000000000002,
    "f1_test_best_diagnostic": 0.4815618221258135,
    "f1_all_positive_baseline": 0.4662576687116564,
    "delta_f1_vs_baseline": -0.22235522968726618,
    "beats_all_pos_baseline": false,
    "eval_tier": "hyades_provisional",
    "headline": false,
    "eval_universe": "Brandner domain G\u226415",
    "n_test": 375,
    "n_pos": 114
  },
  "ngc_1039": {
    "clusterName": "M34 (NGC 1039)",
    "truthSet": "Malofeeva TID paper q isolines",
    "f1": 0.23333333333333336,
    "precision": 0.7,
    "recall": 0.14,
    "specificity": 0.9482758620689655,
    "f1_at_0.5": 0.23333333333333336,
    "f1_val_tuned": 0.25806451612903225,
    "val_tuned_threshold": 0.15000000000000002,
    "f1_test_best_diagnostic": 0.5411764705882354,
    "f1_all_positive_baseline": 0.6329113924050632,
    "delta_f1_vs_baseline": -0.39957805907172983,
    "beats_all_pos_baseline": false,
    "eval_tier": "malofeeva_tid",
    "headline": true,
    "eval_universe": "Malofeeva TID paper q isolines (in-sample, mass cut)",
    "n_test": 108,
    "n_pos": 50
  },
  "ngc_2168": {
    "clusterName": "M35",
    "truthSet": "RUWE high",
    "f1": 0.0,
    "precision": 0.0,
    "recall": 0.0,
    "specificity": 1.0,
    "f1_at_0.5": 0.0,
    "f1_val_tuned": 0.0,
    "val_tuned_threshold": 0.2,
    "f1_test_best_diagnostic": 0.0,
    "f1_all_positive_baseline": 0.06666666666666667,
    "delta_f1_vs_baseline": -0.06666666666666667,
    "beats_all_pos_baseline": false,
    "eval_tier": "ruwe_weak",
    "headline": false,
    "eval_universe": "RUWE weak (non-headline)",
    "n_test": 1247,
    "n_pos": 43
  },
  "ngc_2632": {
    "clusterName": "Praesepe",
    "truthSet": "Malofeeva TID paper q isolines",
    "f1": 0.0,
    "precision": 0.0,
    "recall": 0.0,
    "specificity": 1.0,
    "f1_at_0.5": 0.0,
    "f1_val_tuned": 0.6,
    "val_tuned_threshold": 0.05,
    "f1_test_best_diagnostic": 0.7359999999999999,
    "f1_all_positive_baseline": 0.6,
    "delta_f1_vs_baseline": -0.6,
    "beats_all_pos_baseline": false,
    "eval_tier": "malofeeva_tid",
    "headline": true,
    "eval_universe": "Malofeeva TID paper q isolines (in-sample, mass cut)",
    "n_test": 161,
    "n_pos": 69
  }
}